bin_lo,bin_hi,count,mean_predicted,observed_recall
0.00,0.10,201,0.072431,0.184080
0.10,0.20,330,0.146928,0.163636
0.20,0.30,246,0.248878,0.325203
0.30,0.40,230,0.352418,0.373913
0.40,0.50,187,0.449589,0.459893
0.50,0.60,181,0.552635,0.580110
0.60,0.70,161,0.647821,0.590062
0.70,0.80,213,0.750090,0.694836
0.80,0.90,312,0.855673,0.759615
0.90,1.00,1939,0.978334,0.871068
