bin_lo,bin_hi,count,mean_predicted,observed_recall
0.00,0.10,205,0.058818,0.126829
0.10,0.20,417,0.151469,0.163070
0.20,0.30,326,0.248003,0.260736
0.30,0.40,256,0.351327,0.398438
0.40,0.50,233,0.449040,0.420601
0.50,0.60,242,0.547804,0.516529
0.60,0.70,201,0.649065,0.701493
0.70,0.80,247,0.754284,0.761134
0.80,0.90,435,0.856934,0.880460
0.90,1.00,1438,0.971967,0.974270
